{"cameraMode":{"drawMode":0,"name":"Shaded","section":"Shading Mode"},"sceneLighting":false,"audioPlay":false,"sceneViewState":{"showFog":true,"showMaterialUpdate":false,"showSkybox":false,"showFlares":true,"showImageEffects":true,"showParticleSystems":true},"in2DMode":false,"pivot":{"x":-0.2789583206176758,"y":0.3484482169151306,"z":0.3933703899383545},"rotation":{"x":0.125408336520195,"y":0.7356760501861572,"z":-0.14186662435531617,"w":0.6503288149833679},"size":3.195716142654419,"orthographic":false}