{"cameraMode":{"drawMode":0,"name":"Shaded","section":"Shading Mode"},"sceneLighting":false,"audioPlay":false,"sceneViewState":{"showFog":true,"showMaterialUpdate":true,"showSkybox":false,"showFlares":true,"showImageEffects":true,"showParticleSystems":true},"in2DMode":false,"pivot":{"x":1319.3524169921875,"y":34.700599670410159,"z":1568.6817626953125},"rotation":{"x":0.09760981053113938,"y":0.7840643525123596,"z":-0.12765681743621827,"w":0.5995160341262817},"size":13.355524063110352,"orthographic":false}