{"cameraMode":{"drawMode":0,"name":"Shaded","section":"Shading Mode"},"sceneLighting":true,"audioPlay":false,"sceneViewState":{"showFog":true,"showMaterialUpdate":true,"showSkybox":false,"showFlares":true,"showImageEffects":true,"showParticleSystems":true},"in2DMode":false,"pivot":{"x":623.8923950195313,"y":140.23580932617188,"z":1275.652587890625},"rotation":{"x":0.10019689053297043,"y":-0.8100599050521851,"z":0.1451459527015686,"w":0.5591958165168762},"size":29.822031021118165,"orthographic":false}