{"cameraMode":{"drawMode":0,"name":"Shaded","section":"Shading Mode"},"sceneLighting":false,"audioPlay":false,"sceneViewState":{"showFog":true,"showMaterialUpdate":true,"showSkybox":false,"showFlares":true,"showImageEffects":true,"showParticleSystems":true},"in2DMode":false,"pivot":{"x":-1.783949851989746,"y":4.328064918518066,"z":2.333087921142578},"rotation":{"x":0.17871282994747163,"y":-0.1382213979959488,"z":0.025379681959748269,"w":0.9738180041313171},"size":7.508309841156006,"orthographic":false}